{"cameraMode":{"drawMode":0,"name":"Shaded","section":"Shading Mode"},"sceneLighting":false,"audioPlay":false,"sceneViewState":{"showFog":true,"showMaterialUpdate":false,"showSkybox":true,"showFlares":true,"showImageEffects":true,"showParticleSystems":true},"in2DMode":false,"pivot":{"x":-0.5799999237060547,"y":1.6329998970031739,"z":40.36600112915039},"rotation":{"x":-0.14785149693489076,"y":-0.15062230825424195,"z":0.024189451709389688,"w":-0.9776279330253601},"size":4.739264488220215,"orthographic":false}