{"cameraMode":{"drawMode":0,"name":"Shaded","section":"Shading Mode"},"sceneLighting":false,"audioPlay":false,"sceneViewState":{"showFog":true,"showMaterialUpdate":false,"showSkybox":true,"showFlares":true,"showImageEffects":true,"showParticleSystems":true},"in2DMode":false,"pivot":{"x":-1.7491778135299683,"y":1.2469946146011353,"z":29.797367095947267},"rotation":{"x":0.03066856600344181,"y":-0.971569836139679,"z":0.18129289150238038,"w":0.15268026292324067},"size":2.1335549354553224,"orthographic":false}