{"cameraMode":{"drawMode":0,"name":"Shaded","section":"Shading Mode"},"sceneLighting":false,"audioPlay":false,"sceneViewState":{"showFog":true,"showMaterialUpdate":false,"showSkybox":true,"showFlares":true,"showImageEffects":true,"showParticleSystems":true},"in2DMode":false,"pivot":{"x":-12.820868492126465,"y":-2.037294387817383,"z":41.45446014404297},"rotation":{"x":-0.10912424325942993,"y":0.4674076735973358,"z":-0.05690011382102966,"w":-0.8760557770729065},"size":10.303924560546875,"orthographic":false}