{"cameraMode":{"drawMode":0,"name":"Shaded","section":"Shading Mode"},"sceneLighting":true,"audioPlay":false,"sceneViewState":{"showFog":true,"showMaterialUpdate":false,"showSkybox":true,"showFlares":true,"showImageEffects":true,"showParticleSystems":true},"in2DMode":false,"pivot":{"x":-2.9204084873199465,"y":-4.930025100708008,"z":35.85060119628906},"rotation":{"x":0.22982391715049745,"y":0.08598558604717255,"z":-0.020438460633158685,"w":0.9692883491516113},"size":25.57795524597168,"orthographic":false}