{"cameraMode":{"drawMode":0,"name":"Shaded","section":"Shading Mode"},"sceneLighting":true,"audioPlay":false,"sceneViewState":{"showFog":true,"showMaterialUpdate":false,"showSkybox":true,"showFlares":true,"showImageEffects":true,"showParticleSystems":true},"in2DMode":false,"pivot":{"x":-6.931001663208008,"y":6.580412864685059,"z":31.321027755737306},"rotation":{"x":0.019489048048853875,"y":0.3148321509361267,"z":0.00697639025747776,"w":-0.9492612481117249},"size":40.010372161865237,"orthographic":false}