{"cameraMode":{"drawMode":0,"name":"Shaded","section":"Shading Mode"},"sceneLighting":false,"audioPlay":false,"sceneViewState":{"showFog":true,"showMaterialUpdate":false,"showSkybox":true,"showFlares":true,"showImageEffects":true,"showParticleSystems":true},"in2DMode":false,"pivot":{"x":156.21682739257813,"y":258.1076354980469,"z":1.694580078125},"rotation":{"x":-0.06479925662279129,"y":0.00450986297801137,"z":0.0011755876475945116,"w":-0.9983351230621338},"size":203.1470947265625,"orthographic":false}