{"cameraMode":{"drawMode":0,"name":"Shaded","section":"Shading Mode"},"sceneLighting":false,"audioPlay":false,"sceneViewState":{"showFog":true,"showMaterialUpdate":false,"showSkybox":true,"showFlares":true,"showImageEffects":true,"showParticleSystems":true},"in2DMode":false,"pivot":{"x":-13.905742645263672,"y":-12.864355087280274,"z":-1.7368221282958985},"rotation":{"x":0.2510363757610321,"y":-0.729555606842041,"z":0.3373887240886688,"w":0.5402566194534302},"size":14.46905517578125,"orthographic":false}