{"cameraMode":{"drawMode":0,"name":"Shaded","section":"Shading Mode"},"sceneLighting":false,"audioPlay":false,"sceneViewState":{"showFog":true,"showMaterialUpdate":false,"showSkybox":true,"showFlares":true,"showImageEffects":true,"showParticleSystems":true},"in2DMode":false,"pivot":{"x":0.02068108320236206,"y":-2.399599552154541,"z":-30.606792449951173},"rotation":{"x":0.0007179989479482174,"y":-0.9945528507232666,"z":0.10815522819757462,"w":-0.00784395169466734},"size":12.507773399353028,"orthographic":false}