{"cameraMode":{"drawMode":0,"name":"Shaded","section":"Shading Mode"},"sceneLighting":true,"audioPlay":false,"sceneViewState":{"showFog":true,"showMaterialUpdate":false,"showSkybox":true,"showFlares":true,"showImageEffects":true,"showParticleSystems":true},"in2DMode":false,"pivot":{"x":-54.70280456542969,"y":-24.83985137939453,"z":13.627378463745118},"rotation":{"x":0.20876361429691316,"y":-0.718168318271637,"z":0.24270078539848329,"w":0.6181449294090271},"size":55.79230499267578,"orthographic":false}